USE QLNT;

INSERT INTO [KHUVUC] ([MaKV], [TenKV], [SoLuongCanBoQL])
VALUES
('KVA',N'Khu A',5),
('KVB',N'Khu B',5),
('KVC',N'Khu C',5),
('KVD',N'Khu D',5);

INSERT INTO [QUANNGUC] ([MaQuanNguc], [TenQuanNguc], [NgaySinh], [GioiTinh], [DiaChi], [SoDienThoai], [Email], [MaKV], [NgayNhanChuc], [Luong], [ChucVu], [TrangThai])
VALUES
('QN01',N'Nguyễn Thị Mai','1985-03-12',N'Nữ',N'Phường Lộc Thọ, TP. Nha Trang, Khánh Hòa','0982746153','mai.nguyen@prison.vn','KVA','2016-04-18',12500000,N'Trưởng khu A',N'Đang làm'),
('QN02',N'Trần Thị Hạnh','1988-07-21',N'Nữ',N'12 Lê Lợi, Quận 1, TP. Hồ Chí Minh','0915637284','hanh.tran@prison.vn','KVA','2017-11-09',10500000,N'Phó khu A',N'Đang làm'),
('QN03',N'Lê Thị Thu','1986-11-05',N'Nữ',N'Phường Vĩnh Hòa, TP. Nha Trang, Khánh Hòa','0374829165','thu.le@prison.vn','KVB','2018-06-25',11200000,N'Trưởng khu B',N'Đang làm'),
('QN04',N'Phạm Thị Ngọc','1989-02-18',N'Nữ',N'88 Nguyễn Huệ, TP. Biên Hòa, Đồng Nai','0856193742','ngoc.pham@prison.vn','KVB','2019-02-14',10800000,N'Phó khu B',N'Đang làm'),
('QN05',N'Nguyễn Văn Hùng','1982-09-10',N'Nam',N'Phường Vĩnh Hải, TP. Nha Trang, Khánh Hòa','0327481596','hung.nguyen@prison.vn','KVC','2015-08-30',12500000,N'Quản ngục',N'Đang làm'),
('QN06',N'Trần Văn Đức','1984-12-22',N'Nam',N'45 Lê Văn Sỹ, Quận 3, TP. Hồ Chí Minh','0792615348','duc.tran@prison.vn','KVC','2020-03-07',11700000,N'Phó khu C',N'Đang làm'),
('QN07',N'Lê Văn Bình','1980-04-03',N'Nam',N'120 Trần Hưng Đạo, TP. Thuận An, Bình Dương','0948572613','binh.le@prison.vn','KVC','2014-12-19',13200000,N'Trưởng khu C',N'Đang làm'),
('QN08',N'Phạm Văn Nam','1983-06-14',N'Nam',N'Phường Phước Hải, TP. Nha Trang, Khánh Hòa','0386152749','nam.pham@prison.vn','KVD','2021-05-11',9500000,N'Quản ngục',N'Đang làm'),
('QN09',N'Hoàng Thị Lan','1990-01-20',N'Nữ',N'25 Nguyễn Trãi, TP. Dĩ An, Bình Dương','0863725194','lan.hoang@prison.vn','KVA','2022-09-23',9200000,N'Quản ngục',N'Đang làm'),
('QN10',N'Võ Thị Hồng','1991-11-11',N'Nữ',N'56 Lý Thường Kiệt, TP. Vũng Tàu, Bà Rịa - Vũng Tàu','0974518263','hong.vo@prison.vn','KVB','2023-01-15',8900000,N'Quản ngục',N'Đang làm'),
('QN11',N'Nguyễn Văn Long','1985-06-15',N'Nam',N'78 Quốc lộ 22, Tây Ninh','0359182746','long.nguyen@prison.vn','KVD','2016-07-28',10900000,N'Quản ngục',N'Đang làm'),
('QN12',N'Trần Văn Khánh','1986-09-09',N'Nam',N'33 Trần Phú, TP. Thủ Đức, TP. Hồ Chí Minh','0836471529','khanh.tran@prison.vn','KVD','2018-10-04',11900000,N'Phó khu D',N'Đang làm'),
('QN13',N'Lê Thị Bích','1992-02-02',N'Nữ',N'316 Trần Bình Trọng, TP. Thủ Đức, TP. Hồ Chí Minh','0927153846','bich.le@prison.vn','KVB','2024-03-16',8700000,N'Quản ngục',N'Đang làm'),
('QN14',N'Phạm Thị Thanh','1990-08-18',N'Nữ',N'14 Nguyễn Văn Linh, TP. Tân An, Long An','0392847165','thanh.pham@prison.vn','KVA','2021-06-02',9000000,N'Quản ngục',N'Đang làm'),
('QN15',N'Trần Văn Sơn','1983-12-25',N'Nam',N'290 Lê Lợi, Q. Gò Vấp, TP. Hồ Chí Minh','0815639472','son.tran@prison.vn','KVD','2017-11-21',12800000,N'Trưởng khu D',N'Đang làm'),
('QN16',N'Nguyễn Văn Hoàng','1985-03-15',N'Nam',N'Phường Linh Trung, TP. Thủ Đức, TP. Hồ Chí Minh','0918245736','hoang.nguyen@prison.vn','KVC','2019-08-13',10600000,N'Quản ngục',N'Tạm nghỉ'),
('QN17',N'Trần Quốc Minh','1987-11-22',N'Nam',N'45 Nguyễn Văn Cừ, Quận 5, TP. Hồ Chí Minh','0983157246','minh.tran@prison.vn','KVD','2022-04-08',13900000,N'Quản ngục',N'Đang làm'),
('QN18',N'Lê Thành Đạt','1990-07-09',N'Nam',N'Phường Hiệp Bình Chánh, TP. Thủ Đức, TP. Hồ Chí Minh','0375821469','dat.le@prison.vn','KVC','2020-01-26',10300000,N'Quản ngục',N'Đang làm'),
('QN19',N'Phạm Thị Bảo Ngân','1992-12-28',N'Nữ',N'12 Lê Văn Sỹ, Quận 3, TP. Hồ Chí Minh','0856147293','ngan.pham@prison.vn','KVB','2024-07-17',8700000,N'Quản ngục',N'Đang làm'),
('QN20',N'Võ Thị Thu Hà','1988-05-11',N'Nữ',N'Phường 14, Quận Gò Vấp, TP. Hồ Chí Minh','0942736158','ha.vo@prison.vn','KVA','2018-09-05',10100000,N'Quản ngục',N'Đang làm');

INSERT INTO [PHONGGIAM] ([MaPhong], [MaKV], [MaQuanNguc], [SucChua], [TrangThai], [LoaiPhong], [SoLuongHienTai], [GhiChu])
VALUES
('PA101','KVA','QN09',6,N'Đang sử dụng',N'Nữ',2,N'Khu nữ tầng 1'),
('PA102','KVA','QN14',6,N'Đang sử dụng',N'Nữ',2,N'Khu nữ tầng 1'),
('PA103','KVA','QN20',6,N'Trống',N'Nữ',0,N'Chưa sử dụng'),
('PA201','KVA','QN02',6,N'Đang sử dụng',N'Nữ',2,N'Khu nữ tầng 2'),
('PA202','KVA','QN09',6,N'Trống',N'Nữ',0,N'Chưa sử dụng'),
('PA203','KVA','QN14',6,N'Trống',N'Nữ',0,N'Chưa sử dụng'),
('PB101','KVB','QN10',6,N'Đang sử dụng',N'Nữ',2,N'Khu nữ giám sát'),
('PB102','KVB','QN13',6,N'Đang sử dụng',N'Nữ',2,N'Khu nữ giám sát'),
('PB103','KVB','QN19',6,N'Trống',N'Nữ',0,N'Chưa sử dụng'),
('PB201','KVB','QN04',6,N'Đang sử dụng',N'Nữ',1,N'Còn trống nhiều chỗ'),
('PB202','KVB','QN10',6,N'Đang sử dụng',N'Nữ',0,N'Kho chứa dụng cụ'),
('PB203','KVB','QN13',6,N'Đang sử dụng',N'Nữ',0,N'Kho chứa dụng cụ'),
('PC101','KVC','QN05',6,N'Đang sử dụng',N'Nam',2,N'Khu nam tầng 1'),
('PC102','KVC','QN16',6,N'Đang sử dụng',N'Nam',2,N'Khu nam tầng 1'),
('PC103','KVC','QN18',6,N'Đang sử dụng',N'Nam',2,N'Khu nam tầng 1'),
('PC201','KVC','QN05',6,N'Đang sử dụng',N'Nam',2,N'Khu nam tầng 2'),
('PC202','KVC','QN16',6,N'Đang sử dụng',N'Nam',2,N'Khu nam tầng 2'),
('PC203','KVC','QN18',6,N'Trống',N'Nam',0,N'Chưa sử dụng'),
('PD101','KVD','QN08',6,N'Đang sử dụng',N'Nam',2,N'Khu nam giám sát'),
('PD102','KVD','QN11',6,N'Đang sử dụng',N'Nam',2,N'Khu nam giám sát'),
('PD103','KVD','QN17',6,N'Đang sử dụng',N'Nam',2,N'Khu nam giám sát'),
('PD201','KVD','QN08',6,N'Đang sử dụng',N'Nam',4,N'Khu nam giám sát'),
('PD202','KVD','QN11',6,N'Đang sửa chữa',N'Nam',0,N'Còn trống nhiều chỗ'),
('PD203','KVD','QN17',6,N'Đang sửa chữa',N'Nam',0,N'Chưa sử dụng');

INSERT INTO [TUNHAN] ([MaTuNhan], [SoCCCD], [HoTen], [NgaySinh], [GioiTinh], [DiaChi], [NgayXuatTrai], [MaPhong], [TrangThai], [MucDoNguyHiem], [GhiChu])
VALUES
('TN001','052190123456',N'Cao Mỹ Linh','1990-03-15',N'Nữ',N'Số 45 Trần Hưng Đạo, TP. Quy Nhơn, Bình Định',NULL,'PA101',N'Đang thi hành án',N'Cao',N'Cần theo dõi kĩ'),
('TN002','066091234567',N'Trần Minh Quân','1991-12-21',N'Nam',N'Thôn 3, Xã Ea Kly, Huyện Krông Pắc, Đắk Lắk',NULL,'PC101',N'Chờ xét xử',N'Thấp',NULL),
('TN003','025068345678',N'Lê Hoàng Nam','1968-09-08',N'Nam',N'Số 12 đường Hùng Vương, TP. Việt Trì, Phú Thọ','2026-05-10',NULL,N'Đang theo dõi',N'Thấp',NULL),
('TN004','040096456789',N'Phạm Quốc Bảo','1996-01-05',N'Nam',N'Ngõ 82 Nguyễn Văn Cừ, TP. Vinh, Nghệ An',NULL,'PC101',N'Đang thi hành án',N'Rất cao',N'Cần theo dõi kĩ'),
('TN005','092094567890',N'Lý Văn Cường','1994-06-14',N'Nam',N'Số 234 CMT8, Quận Cái Răng, Cần Thơ',NULL,NULL,N'Đã mãn hạn',N'Trung bình',NULL),
('TN006','045302111222',N'Nguyễn Ngọc Anh','2002-08-30',N'Nữ',N'Phường 2, TP. Đông Hà, Quảng Trị',NULL,'PA101',N'Đang thi hành án',N'Trung bình',NULL),
('TN007','046097222333',N'Đặng Gia Huy','1997-02-11',N'Nam',N'Số 09 đường Nguyễn Huệ, TP. Huế, Thừa Thiên Huế',NULL,'PC102',N'Đang thi hành án',N'Cao',N'Cần theo dõi kĩ'),
('TN008','087190333444',N'Hồ Thị Kim Mỹ','1990-10-23',N'Nữ',N'Xã Mỹ Trà, TP. Cao Lãnh, Đồng Tháp',NULL,'PB101',N'Đang thi hành án',N'Thấp',NULL),
('TN009','024193444555',N'Bùi Mỹ Lệ','1993-05-09',N'Nữ',N'Số 56 đường Lê Lợi, TP. Bắc Giang, Bắc Giang',NULL,'PB101',N'Đang thi hành án',N'Trung bình',NULL),
('TN010','077098555666',N'Nguyễn Đức Long','1998-12-17',N'Nam',N'Đường Trần Phú, Phường 5, TP. Vũng Tàu, Bà Rịa - Vũng Tàu',NULL,'PD102',N'Đang thi hành án',N'Rất cao',N'Cần theo dõi kĩ'),
('TN011','062092666777',N'Trương Huỳnh Quốc Khánh','1992-03-04',N'Nam',N'Phường Quyết Thắng, TP. Kon Tum, Kon Tum',NULL,'PC102',N'Đang thi hành án',N'Trung bình',NULL),
('TN012','066095777888',N'Phan Nguyễn Thành Đạt','1995-07-28',N'Nam',N'Số 15 Điện Biên Phủ, TP. Buôn Ma Thuột, Đắk Lắk',NULL,'PD102',N'Đang thi hành án',N'Cao',N'Cần theo dõi kĩ'),
('TN013','060188888999',N'Lý Thị Xuân','1988-11-13',N'Nữ',N'Xã Hàm Mỹ, Huyện Hàm Thuận Nam, Bình Thuận',NULL,'PA102',N'Đang thi hành án',N'Thấp',NULL),
('TN014','082091999000',N'Nguyễn Hữu Tài','1991-09-06',N'Nam',N'Số 88 Lý Thường Kiệt, TP. Mỹ Tho, Tiền Giang',NULL,'PC103',N'Đang thi hành án',N'Trung bình',NULL),
('TN015','084094000111',N'Trần Quốc Việt','1994-01-25',N'Nam',N'Phường 1, TP. Trà Vinh, Trà Vinh',NULL,'PD103',N'Đang thi hành án',N'Rất cao',N'Cần theo dõi kĩ'),
('TN016','019096111222',N'Võ Minh Hiếu','1996-04-18',N'Nam',N'Số 21 đường Hoàng Văn Thụ, TP. Thái Nguyên, Thái Nguyên',NULL,'PC103',N'Đang thi hành án',N'Trung bình',NULL),
('TN017','008190222333',N'Huỳnh Đỗ Kim Trúc','1990-12-31',N'Nữ',N'Phường Phan Thiết, TP. Tuyên Quang, Tuyên Quang',NULL,'PA102',N'Chờ xét xử',N'Thấp',NULL),
('TN018','070200333444',N'Nguyễn Mai Thành Công','2000-11-09',N'Nam',N'Xã Tân Lập, Huyện Đồng Phú, Bình Phước',NULL,'PD103',N'Đang thi hành án',N'Rất cao',N'Cần theo dõi kĩ'),
('TN019','060079444555',N'Vũ Ngọc Sơn','1979-12-11',N'Nam',N'Số 342 đường Trần Hưng Đạo, TP. Phan Thiết, Bình Thuận',NULL,'PC201',N'Đang thi hành án',N'Cao',N'Cần theo dõi kĩ'),
('TN020','096072555666',N'Lâm Quốc Trung','1972-02-19',N'Nam',N'Phường 9, TP. Cà Mau, Cà Mau','2024-04-15',NULL,N'Đã mãn hạn',N'Trung bình',NULL),
('TN021','031088456123',N'Phạm Minh Quang','1988-05-14',N'Nam',N'Số 25 Lạch Tray, Quận Ngô Quyền, Hải Phòng',NULL,'PC201',N'Đang thi hành án',N'Rất cao',N'Cần theo dõi kĩ'),
('TN022','042193782456',N'Trần Thị Minh Anh','1993-09-22',N'Nữ',N'Phường Bắc Hà, TP. Hà Tĩnh, Hà Tĩnh',NULL,'PB102',N'Đang thi hành án',N'Trung bình',NULL),
('TN023','056091654789',N'Nguyễn Hoàng Long','1991-11-03',N'Nam',N'45 Trần Phú, TP. Nha Trang, Khánh Hòa',NULL,'PD201',N'Đang thi hành án',N'Cao',N'Cần theo dõi kĩ'),
('TN024','064182321654',N'Lê Thị Kim Oanh','1982-02-17',N'Nữ',N'Phường Diên Hồng, TP. Pleiku, Gia Lai',NULL,'PA201',N'Đang thi hành án',N'Cao',N'Cần theo dõi kĩ'),
('TN025','075097987321',N'Đặng Quốc Bảo','1997-07-28',N'Nam',N'Đường Võ Thị Sáu, TP. Biên Hòa, Đồng Nai',NULL,'PC202',N'Đang thi hành án',N'Rất cao',N'Cần theo dõi kĩ'),
('TN026','080189456852',N'Võ Thị Mỹ Duyên','1989-12-09',N'Nữ',N'Xã Đức Hòa Đông, Huyện Đức Hòa, Long An','2024-08-28',NULL,N'Đã mãn hạn',N'Thấp',NULL),
('TN027','083094741258',N'Bùi Minh Khang','1994-06-11',N'Nam',N'Phường 3, TP. Bến Tre, Bến Tre','2024-03-15',NULL,N'Đã mãn hạn',N'Trung bình',NULL),
('TN028','089191369852',N'Hồ Thị Khánh Ly','1991-10-25',N'Nữ',N'Phường Mỹ Bình, TP. Long Xuyên, An Giang','2023-10-30',NULL,N'Đã mãn hạn',N'Trung bình',NULL),
('TN029','093093258741',N'Phan Thành Đạt','1993-03-30',N'Nam',N'Xã Vị Đông, Huyện Vị Thủy, Hậu Giang',NULL,'PC202',N'Đang thi hành án',N'Trung bình',NULL),
('TN030','095178654963',N'Lý Thị Mai Phương','1978-08-18',N'Nữ',N'Phường 5, TP. Bạc Liêu, Bạc Liêu',NULL,'PB201',N'Đang thi hành án',N'Rất cao',N'Từng có tiền án');

INSERT INTO [THANNHAN] ([MaThanNhan], [MaTuNhan], [SoCCCD], [HoTenThanNhan], [NgaySinh], [GioiTinh], [DiaChi], [SoDienThoai], [Email], [QuanHe], [GhiChu], [TrangThai])
VALUES
('TNH001','TN001','052068482193',N'Cao Văn Minh','1968-02-12',N'Nam',N'Phường Ghềnh Ráng, TP. Quy Nhơn, Bình Định','0913475821','minhcao68@gmail.com',N'Cha',NULL,NULL),
('TNH002','TN001','052172915647',N'Nguyễn Thị Lan','1972-09-15',N'Nữ',N'Số 18 Hai Bà Trưng, TP. Quy Nhơn, Bình Định','0982147635','lan72@gmail.com',N'Mẹ',NULL,NULL),
('TNH003','TN002','066065739182',N'Trần Văn Phúc','1965-03-11',N'Nam',N'Xã Ea Kênh, Huyện Krông Pắc, Đắk Lắk','0905782146','phuc65@gmail.com',N'Cha',NULL,NULL),
('TNH004','TN002','066170284591',N'Hoàng Thị Mai','1970-08-22',N'Nữ',N'TP. Buôn Ma Thuột, Đắk Lắk','0976354821','mai70@gmail.com',N'Mẹ',NULL,NULL),
('TNH005','TN003','025068591274',N'Lê Văn Hùng','1968-01-19',N'Nam',N'Huyện Lâm Thao, Phú Thọ','0932145786','hung68@gmail.com',N'Anh trai',NULL,NULL),
('TNH006','TN004','040172648913',N'Phạm Thị Hồng','1972-04-25',N'Nữ',N'Số 90 Nguyễn Du, TP. Hà Tĩnh, Hà Tĩnh','0968541273','hong72@gmail.com',N'Mẹ',NULL,NULL),
('TNH007','TN004','040066915273',N'Phạm Văn Bình','1966-11-05',N'Nam',N'Ngõ 15 Lê Mao, TP. Vinh, Nghệ An','0397263548','binh66@gmail.com',N'Cha',NULL,NULL),
('TNH008','TN005','092069381745',N'Lý Văn Đức','1969-07-12',N'Nam',N'Quận Ninh Kiều, Cần Thơ','0385632147','duc69@gmail.com',N'Cha',NULL,NULL),
('TNH009','TN005','092173574821',N'Lý Thị Hoa','1973-10-09',N'Nữ',N'Quận Bình Thủy, Cần Thơ','0377216358','hoa73@gmail.com',N'Mẹ',NULL,NULL),
('TNH010','TN005','001399185264',N'Lý Ngọc Mai','1999-06-18',N'Nữ',N'Quận Đống Đa, Hà Nội','0362145863','mai99@gmail.com',N'Em gái',NULL,NULL),
('TNH011','TN006','045172918463',N'Nguyễn Thị Thu','1972-03-03',N'Nữ',N'Thị xã Quảng Trị, Quảng Trị','0353652147','thu72@gmail.com',N'Mẹ',NULL,NULL),
('TNH012','TN007','046068574192',N'Đặng Văn Nam','1968-09-21',N'Nam',N'Huyện Phú Vang, Thừa Thiên Huế','0348572146','nam68@gmail.com',N'Cha',NULL,NULL),
('TNH013','TN007','046173619485',N'Đặng Thị Hạnh','1973-12-12',N'Nữ',N'TP. Đà Nẵng','0332147358','hanh73@gmail.com',N'Mẹ',NULL,NULL),
('TNH014','TN008','087068294751',N'Hồ Văn Lợi','1968-05-08',N'Nam',N'Huyện Cao Lãnh, Đồng Tháp','0328457263','loi68@gmail.com',N'Cha',NULL,NULL),
('TNH015','TN008','087172563918',N'Hồ Thị Kim','1972-07-17',N'Nữ',N'TP. Sa Đéc, Đồng Tháp','0313721546','kim72@gmail.com',N'Mẹ',NULL,NULL),
('TNH016','TN009','024069814725',N'Bùi Văn Thành','1969-11-09',N'Nam',N'Huyện Việt Yên, Bắc Giang','0945632178','thanh69@gmail.com',N'Cha',NULL,NULL),
('TNH017','TN010','077068913572',N'Nguyễn Văn Long','1968-08-14',N'Nam',N'TP. Bà Rịa, Bà Rịa - Vũng Tàu','0978263145','long68@gmail.com',N'Cha',NULL,NULL),
('TNH018','TN010','079172485193',N'Trần Thị Lan','1972-01-30',N'Nữ',N'Quận 7, TP. Hồ Chí Minh','0702148576','lan72hcm@gmail.com',N'Mẹ',NULL,NULL),
('TNH019','TN011','062070918264',N'Trương Thị Mai','1970-10-22',N'Nữ',N'Huyện Đăk Hà, Kon Tum','0797462158','mai70kt@gmail.com',N'Mẹ',NULL,NULL),
('TNH020','TN011','064065381972',N'Trương Văn Hòa','1965-12-05',N'Nam',N'TP. Pleiku, Gia Lai','0775783214','hoa65@gmail.com',N'Cha',NULL,NULL),
('TNH021','TN012','066170491835',N'Phan Thị Ngọc','1970-04-04',N'Nữ',N'Huyện Cư M''gar, Đắk Lắk','0762637458','ngoc70@gmail.com',N'Mẹ',NULL,NULL),
('TNH022','TN012','066067582914',N'Phan Văn Đức','1967-06-16',N'Nam',N'TP. Buôn Hồ, Đắk Lắk','0787452163','duc67@gmail.com',N'Cha',NULL,NULL),
('TNH023','TN013','060066918372',N'Lý Văn Khánh','1966-02-12',N'Nam',N'TP. Phan Thiết, Bình Thuận','0832157638','khanh66@gmail.com',N'Cha',NULL,NULL),
('TNH024','TN014','082171549263',N'Nguyễn Thị Hương','1971-09-18',N'Nữ',N'Huyện Châu Thành, Tiền Giang','0843528146','huong71@gmail.com',N'Mẹ',NULL,NULL),
('TNH025','TN014','079066731985',N'Nguyễn Văn Phúc','1966-07-07',N'Nam',N'TP. Hồ Chí Minh','0858472156','phuc66@gmail.com',N'Cha',NULL,NULL),
('TNH026','TN015','084068294615',N'Trần Văn Nam','1968-01-01',N'Nam',N'Huyện Càng Long, Trà Vinh','0816214758','nam68tv@gmail.com',N'Cha',NULL,NULL),
('TNH027','TN015','084172915384',N'Trần Thị Hoa','1972-05-05',N'Nữ',N'TP. Sóc Trăng, Sóc Trăng','0827358214','hoa72st@gmail.com',N'Mẹ',NULL,NULL),
('TNH028','TN016','019170583921',N'Võ Thị Thu','1970-08-09',N'Nữ',N'TP. Sông Công, Thái Nguyên','0565742638','thu70@gmail.com',N'Mẹ',NULL,NULL),
('TNH029','TN017','008068914753',N'Huỳnh Văn Long','1968-03-15',N'Nam',N'Huyện Yên Sơn, Tuyên Quang','0581267354','long68tq@gmail.com',N'Cha',NULL,NULL),
('TNH030','TN017','008172639185',N'Huỳnh Thị Kim','1972-10-20',N'Nữ',N'TP. Hà Nội','0597382156','kim7275hn@gmail.com',N'Mẹ',NULL,NULL),
('TNH031','TN018','070170481952',N'Nguyễn Thị Mai','1970-06-06',N'Nữ',N'TP. Đồng Xoài, Bình Phước','0894158263','mai70bp@gmail.com',N'Mẹ',NULL,NULL),
('TNH032','TN021','031066482157',N'Phạm Văn Sơn','1966-04-12',N'Nam',N'Quận Hải An, Hải Phòng','0918246753','son66hp@gmail.com',N'Cha',NULL,NULL),
('TNH033','TN022','042172635481',N'Trần Thị Hoa','1972-08-18',N'Nữ',N'Huyện Thạch Hà, Hà Tĩnh','0982753146','hoa72ht@gmail.com',N'Mẹ',NULL,NULL),
('TNH034','TN023','056067918245',N'Nguyễn Văn Bình','1967-03-09',N'Nam',N'TP. Cam Ranh, Khánh Hòa','0974612853','binh67kh@gmail.com',N'Cha',NULL,NULL),
('TNH035','TN024','064171524836',N'Lê Thị Mai','1961-11-22',N'Nữ',N'Huyện Chư Sê, Gia Lai','0963527184','mai71gl@gmail.com',N'Mẹ',NULL,NULL),
('TNH036','TN025','075068742915',N'Đặng Văn Hùng','1968-07-14',N'Nam',N'Huyện Long Thành, Đồng Nai','0948157263','hung68dn@gmail.com',N'Cha',NULL,NULL),
('TNH037','TN026','080172836451',N'Võ Thị Lan','1962-02-03',N'Nữ',N'TP. Tân An, Long An','0936271548','lan72la@gmail.com',N'Mẹ',NULL,NULL),
('TNH038','TN027','083066915284',N'Bùi Văn Đức','1966-09-25',N'Nam',N'Huyện Châu Thành, Bến Tre','0927486153','duc66bt@gmail.com',N'Cha',NULL,NULL),
('TNH039','TN028','089171452637',N'Hồ Thị Hạnh','1971-06-11',N'Nữ',N'TP. Châu Đốc, An Giang','0915637284','hanh71ag@gmail.com',N'Mẹ',NULL,NULL),
('TNH040','TN029','093067824153',N'Phan Văn Phúc','1967-01-07',N'Nam',N'TP. Vị Thanh, Hậu Giang','0908742156','phuc67hg@gmail.com',N'Cha',NULL,NULL),
('TNH041','TN030','095172536481',N'Lý Thị Ngọc','1952-10-19',N'Nữ',N'Huyện Đông Hải, Bạc Liêu','0894627153','ngoc72bl@gmail.com',N'Mẹ',NULL,NULL);

INSERT INTO [BANAN] ([MaBanAn], [MaTuNhan], [NgayPhamToi], [AnTich], [LanhAn], [ToiDanh], [MucAn], [NgayTuyenAn], [NgayBatDauThiHanhAn], [NgayKetThucDuKien], [TinhTrangAnTich])
VALUES
('BA001','TN001','2015-01-15',N'Giam giữ',N'Tòa án ND Q1',N'Tham ô',N'12 năm tù','2016-03-15','2016-03-25','2028-03-25',N'Đang thi hành'),
('BA002','TN002','2022-11-20',N'Tạm giam',N'Tòa án ND Q3',N'Đánh bạc',N'6 tháng tù',NULL,NULL,NULL,N'Chờ xét xử'),
('BA003','TN003','2026-01-01',N'Án treo',N'Tòa án ND TP',N'Gây rối',N'7 ngày tù','2026-05-03','2026-05-03','2026-05-10',N'Đang theo dõi'),
('BA004','TN004','2016-08-12',N'Giam giữ',N'Tòa án ND Q5',N'Hiếp dâm',N'15 năm tù','2018-01-18','2018-01-28','2033-01-28',N'Đang thi hành'),
('BA005','TN005','2017-02-28',N'Giam giữ',N'Tòa án ND Q7',N'Buôn lậu và trốn thuế',N'10 năm tù','2016-01-30','2016-02-09','2026-02-09',N'Đã kết thúc'),
('BA006','TN006','2022-03-18',N'Giam giữ',N'Tòa án ND Q10',N'Gây tai nạn giao thông',N'4 năm tù','2023-06-12','2023-06-22','2027-06-22',N'Đang thi hành'),
('BA007','TN007','2023-12-25',N'Giam giữ',N'Tòa án ND TP',N'Buôn bán mại dâm',N'5 năm tù','2024-12-25','2025-01-05','2030-01-05',N'Đang thi hành'),
('BA008','TN008','2023-04-10',N'Giam giữ',N'Tòa án ND Q2',N'Trốn thuế',N'2 năm tù','2025-04-09','2025-04-18','2027-04-18',N'Đang thi hành'),
('BA009','TN009','2023-09-09',N'Giam giữ',N'Tòa án ND TP',N'Trộm cắp',N'4 năm tù','2025-08-17','2025-08-30','2029-08-30',N'Đang thi hành'),
('BA010','TN010','2018-07-30',N'Giam giữ',N'Tòa án ND Q9',N'Buôn bán nội tạng',N'10 năm tù','2019-10-03','2019-10-15','2029-10-15',N'Đang thi hành'),
('BA011','TN011','2021-05-12',N'Giam giữ',N'Tòa án ND Q4',N'Gây tai nạn giao thông',N'5 năm tù','2022-02-14','2022-02-25','2027-02-25',N'Đang thi hành'),
('BA012','TN012','2020-03-22',N'Giam giữ',N'Tòa án ND Q6',N'Buôn bán mại dâm',N'7 năm tù','2021-05-28','2021-06-10','2028-06-10',N'Đang thi hành'),
('BA013','TN013','2023-11-11',N'Giam giữ',N'Tòa án ND Q8',N'Trốn thuế',N'1 năm tù','2025-07-19','2025-07-30','2026-07-30',N'Đang thi hành'),
('BA014','TN014','2023-09-09',N'Giam giữ',N'Tòa án ND Q11',N'Sử dụng lao động dưới vị thành niên',N'3 năm tù','2025-12-01','2025-12-15','2028-12-15',N'Đang thi hành'),
('BA015','TN015','2021-01-01',N'Giam giữ',N'Tòa án ND Q12',N'Buôn bán nội tạng',N'15 năm tù','2022-06-21','2022-07-05','2037-07-05',N'Đang thi hành'),
('BA016','TN016','2024-05-05',N'Giam giữ',N'Tòa án ND TP',N'Trộm cắp',N'2 năm tù','2026-01-11','2026-01-25','2028-01-25',N'Đang thi hành'),
('BA017','TN017','2022-02-14',N'Tạm giam',N'Tòa án ND Q1',N'Đánh bạc',N'6 tháng tù',NULL,NULL,NULL,N'Chờ xét xử'),
('BA018','TN018','2015-06-06',N'Giam giữ',N'Tòa án ND Q2',N'Giết người',N'20 năm tù','2017-02-26','2017-03-10','2037-03-10',N'Đang thi hành'),
('BA019','TN019','2020-10-10',N'Giam giữ',N'Tòa án ND Q3',N'Lừa đảo',N'8 năm tù','2021-10-10','2021-10-22','2029-10-22',N'Đang thi hành'),
('BA020','TN020','2017-12-12',N'Giam giữ',N'Tòa án ND Q5',N'Trộm cắp',N'5 năm tù','2019-04-04','2019-04-15','2024-04-15',N'Đã kết thúc'),
('BA021','TN021','2022-05-05',N'Giam giữ',N'Tòa án ND Q2',N'Buôn bán nội tạng',N'10 năm tù','2022-06-15','2022-06-25','2032-06-25',N'Đang thi hành'),
('BA022','TN022','2023-02-12',N'Giam giữ',N'Tòa án ND Q3',N'Gây tai nạn giao thông',N'5 năm tù','2023-03-10','2023-03-20','2028-03-20',N'Đang thi hành'),
('BA023','TN023','2021-08-20',N'Giam giữ',N'Tòa án ND Q4',N'Buôn bán mại dâm',N'7 năm tù','2021-09-05','2021-09-15','2028-09-15',N'Đang thi hành'),
('BA024','TN024','2019-12-01',N'Giam giữ',N'Tòa án ND Q5',N'Tham ô',N'10 năm tù','2020-12-12','2020-12-22','2030-12-22',N'Đang thi hành'),
('BA025','TN025','2018-06-15',N'Giam giữ',N'Tòa án ND TP',N'Buôn ma túy',N'25 năm tù','2019-07-01','2019-07-15','2044-07-15',N'Đang thi hành'),
('BA026','TN026','2022-08-05',N'Giam giữ',N'Tòa án ND Q6',N'Trốn thuế',N'2 năm tù','2022-08-18','2022-08-28','2024-08-28',N'Đã kết thúc'),
('BA027','TN027','2021-02-20',N'Giam giữ',N'Tòa án ND Q7',N'Gây tai nạn giao thông',N'3 năm tù','2021-03-03','2021-03-15','2024-03-15',N'Đã kết thúc'),
('BA028','TN028','2020-10-10',N'Giam giữ',N'Tòa án ND Q8',N'Buôn lậu',N'3 năm tù','2020-10-20','2020-10-30','2023-10-30',N'Đã kết thúc'),
('BA029','TN029','2023-11-01',N'Giam giữ',N'Tòa án ND Q9',N'Gây tai nạn giao thông',N'5 năm tù','2023-11-11','2023-11-25','2028-11-25',N'Đang thi hành'),
('BA030','TN030','2022-03-25',N'Giam giữ',N'Tòa án ND Q10',N'Buôn bán mại dâm',N'6 năm tù','2015-04-07','2021-04-20','2028-04-20',N'Đã kết thúc'),
('BA031','TN030','2022-03-25',N'Giam giữ',N'Tòa án ND Q11',N'Buôn ma túy',N'24 năm tù','2022-04-07','2022-04-20','2046-04-21',N'Đang thi hành');

INSERT INTO [TOIDANH] ([MaToiDanh], [TenToiDanh], [MoTa], [KhungHinhPhat])
VALUES
('TD001', N'Trộm cắp',N'Hành vi lấy tài sản trái phép',N'1-7 năm tù'),
('TD002', N'Cướp giật',N'Cướp tài sản bằng vũ lực',N'3-10 năm tù'),
('TD003', N'Giết người',N'Cố ý tước đoạt mạng sống người khác',N'12 năm - Chung thân'),
('TD004', N'Lừa đảo',N'Dùng thủ đoạn chiếm đoạt tài sản',N'2-15 năm tù'),
('TD005', N'Buôn ma túy',N'Mua bán chất ma túy trái phép',N'7 năm - Tử hình'),
('TD006', N'Tham ô',N'Lợi dụng chức vụ chiếm đoạt tài sản',N'5-20 năm tù'),
('TD007', N'Đánh bạc',N'Tổ chức hoặc tham gia đánh bạc',N'6 tháng - 7 năm tù'),
('TD008', N'Gây rối',N'Gây mất trật tự công cộng',N'3 tháng - 5 năm tù'),
('TD009', N'Hiếp dâm',N'Cưỡng ép quan hệ trái ý muốn',N'7-20 năm tù'),
('TD010', N'Buôn lậu',N'Vận chuyển hàng hóa trái phép qua biên giới',N'2-12 năm tù'),
('TD011', N'Gây tai nạn giao thông',N'Gây tai nạn giao thông xong bỏ trốn',N'3-15 năm tù'),
('TD012', N'Buôn bán mại dâm', N'Làm trung gian dẫn dắt, sắp xếp cho việc mua bán dâm',N'1-15 năm tù'),
('TD013', N'Trốn thuế',N'Kê khống, kê gian giấy tờ, thu nhập để giảm hoặc trốn thuế',N'1-7 năm tù'),
('TD014', N'Sử dụng lao động dưới vị thành niên',N'Tuyển dụng, sử dụng người dưới 18 tuổi làm việc',N'2-7 năm tù'),
('TD015', N'Buôn bán nội tạng',N'Mua bán, môi giới, chiếm đoạt mô hoặc bộ phận cơ thể người',N'3-20 năm tù');

INSERT INTO [BANAN_TOIDANH] ([MaBanAn], [MaToiDanh], [MucAn])
VALUES
('BA001','TD006','12 năm tù'),
('BA002','TD007','6 tháng tù'),
('BA003','TD008','7 ngày tù'),
('BA004','TD009','15 năm tù'),
('BA005','TD010','8 năm tù'),
('BA005','TD013','2 năm tù'),
('BA006','TD011','4 năm tù'),
('BA007','TD012','5 năm tù'),
('BA008','TD013','2 năm tù'),
('BA009','TD001','4 năm tù'),
('BA010','TD015','10 năm tù'),
('BA011','TD011','5 năm tù'),
('BA012','TD012','7 năm tù'),
('BA013','TD013','1 năm tù'),
('BA014','TD014','3 năm tù'),
('BA015','TD015','15 năm tù'),
('BA016','TD001','2 năm tù'),
('BA017','TD007','6 tháng tù'),
('BA018','TD003','20 năm tù'),
('BA019','TD004','8 năm tù'),
('BA020','TD001','5 năm tù'),
('BA021','TD015','10 năm tù'),
('BA022','TD011','5 năm tù'),
('BA023','TD012','7 năm tù'),
('BA024','TD006','10 năm tù'),
('BA025','TD005','25 năm tù'),
('BA026','TD013','2 năm tù'),
('BA027','TD009','3 năm tù'),
('BA028','TD010','3 năm tù'),
('BA029','TD011','5 năm tù'),
('BA030','TD012','6 năm tù'),
('BA031','TD005','24 năm tù');

INSERT INTO [CONGVIEC] ([MaCongViec], [TenCongViec], [SoLuongToiDa], [MoTa], [MucDoNguyHiem], [MaQuanNguc], [TrangThai])
VALUES
('CV001', N'Vệ sinh khuôn viên', 15,N'Dọn dẹp khu vực sinh hoạt và sân trại giam',N'Thấp', 'QN05', N'Đang hoạt động'),
('CV002', N'Gấp hộp giấy', 20, N'Thực hiện gấp và đóng hộp giấy thủ công', N'Thấp', 'QN09', N'Đã hoàn thành'),
('CV003', N'Trồng rau', 12, N'Chăm sóc và thu hoạch rau trong khu tăng gia', N'Trung bình', 'QN10', N'Đang hoạt động'),
('CV004', N'May đồng phục', 10, N'May và sửa quần áo phạm nhân', N'Trung bình', 'QN07', N'Đã hoàn thành'),
('CV005', N'Đóng gói thực phẩm', 18, N'Phân loại và đóng gói nhu yếu phẩm', N'Thấp', 'QN11', N'Tạm ngưng hoạt động'),
('CV006', N'Làm mộc cơ bản', 8, N'Gia công bàn ghế và vật dụng gỗ đơn giản', N'Cao', 'QN12', N'Tạm ngưng hoạt động'),
('CV007', N'Phụ bếp', 10, N'Hỗ trợ sơ chế và chuẩn bị bữa ăn', N'Trung bình', 'QN03', N'Đang hoạt động'),
('CV008', N'Gia công thủ công mỹ nghệ', 6, N'Làm đồ thủ công từ tre và giấy', N'Trung bình', 'QN14', N'Đang hoạt động');

INSERT INTO [CAITAO] ([MaTuNhan], [MaCongViec], [NgayThucHien], [KetQua], [MaQuanNgucPhuTrach], [GhiChu], [DanhGia])
VALUES
('TN001','CV001','2024-03-12',N'Hoàn thành','QN09',N'Tham gia đầy đủ',N'Tốt'),
('TN001','CV003','2024-04-25',N'Hoàn thành','QN14',N'Có tiến bộ',N'Khá'),
('TN001','CV006','2024-08-18',N'Hoàn thành','QN01',N'Làm việc nghiêm túc',N'Tốt'),
('TN002','CV002','2024-04-20',N'Hoàn thành','QN05',N'Làm việc đúng giờ',N'Khá'),
('TN002','CV005','2024-07-10',N'Không hoàn thành','QN06',N'Nghỉ giữa buổi',N'Trung bình'),
('TN002','CV007','2024-09-10',N'Hoàn thành','QN18',N'Hợp tác tốt',N'Tốt'),
('TN002','CV008','2026-04-12',N'Hoàn thành','QN11',N'Có tiến bộ',N'Khá'),
('TN004','CV004','2024-06-15',N'Hoàn thành','QN05',N'Có tiến bộ',N'Khá'),
('TN004','CV006','2024-08-12',N'Không hoàn thành','QN06',N'Vi phạm giờ lao động',N'Kém'),
('TN004','CV002','2024-10-20',N'Hoàn thành','QN17',N'Chấp hành tốt',N'Khá'),
('TN005','CV003','2024-05-22',N'Hoàn thành','QN08',N'Đúng tiến độ',N'Tốt'),
('TN005','CV008','2026-04-05',N'Không hoàn thành','QN11',N'Bị nhắc nhở',N'Kém'),
('TN005','CV005','2024-12-18',N'Hoàn thành','QN07',N'Có trách nhiệm',N'Khá'),
('TN006','CV001','2024-03-18',N'Hoàn thành','QN10',N'Lao động tích cực',N'Tốt'),
('TN006','CV005','2024-07-14',N'Hoàn thành','QN20',N'Chấp hành tốt',N'Khá'),
('TN006','CV007','2024-11-09',N'Hoàn thành','QN03',N'Làm việc ổn định',N'Tốt'),
('TN007','CV002','2025-04-24',N'Hoàn thành','QN06',N'Hợp tác tốt',N'Tốt'),
('TN007','CV004','2025-06-21',N'Không hoàn thành','QN18',N'Cần cải thiện',N'Trung bình'),
('TN008','CV001','2025-05-22',N'Hoàn thành','QN03',N'Có trách nhiệm',N'Tốt'),
('TN008','CV006','2025-08-16',N'Hoàn thành','QN19',N'Được đánh giá cao',N'Tốt'),
('TN008','CV008','2025-12-27',N'Hoàn thành','QN09',N'Làm việc chăm chỉ',N'Tốt'),
('TN009','CV004','2025-09-18',N'Không hoàn thành','QN14',N'Thiếu tập trung',N'Trung bình'),
('TN010','CV002','2024-04-27',N'Hoàn thành','QN11',N'Đúng giờ',N'Tốt'),
('TN010','CV008','2026-05-09',N'Hoàn thành','QN07',N'Chấp hành tốt',N'Khá'),
('TN010','CV003','2025-01-11',N'Hoàn thành','QN20',N'Thái độ nghiêm túc',N'Tốt'),
('TN011','CV004','2024-06-22',N'Không hoàn thành','QN05',N'Gây mất trật tự',N'Kém'),
('TN011','CV005','2024-07-18',N'Hoàn thành','QN12',N'Thái độ nghiêm túc',N'Tốt'),
('TN011','CV001','2025-02-05',N'Hoàn thành','QN17',N'Làm việc đều',N'Tốt'),
('TN012','CV003','2024-05-26',N'Không hoàn thành','QN12',N'Bị lập biên bản',N'Kém'),
('TN012','CV006','2024-08-20',N'Hoàn thành','QN02',N'Làm việc tốt',N'Tốt'),
('TN012','CV007','2025-01-14',N'Hoàn thành','QN18',N'Có cải thiện',N'Khá'),
('TN012','CV002','2025-03-21',N'Hoàn thành','QN05',N'Tích cực',N'Tốt'),
('TN013','CV001','2025-08-25',N'Hoàn thành','QN13',N'Tích cực',N'Tốt'),
('TN013','CV007','2025-09-18',N'Hoàn thành','QN03',N'Chấp hành nghiêm túc',N'Tốt'),
('TN014','CV002','2026-04-30',N'Hoàn thành','QN15',N'Làm việc đều',N'Khá'),
('TN014','CV005','2026-07-22',N'Không hoàn thành','QN11',N'Sức khỏe yếu',N'Trung bình'),
('TN014','CV008','2026-09-07',N'Hoàn thành','QN12',N'Có trách nhiệm',N'Khá'),
('TN015','CV003','2024-05-29',N'Hoàn thành','QN14',N'Đúng quy định',N'Tốt'),
('TN016','CV001','2026-03-28',N'Hoàn thành','QN01',N'Lao động tốt',N'Tốt'),
('TN016','CV006','2026-08-24',N'Không hoàn thành','QN17',N'Cần nhắc nhở',N'Trung bình'),
('TN016','CV004','2026-12-12',N'Hoàn thành','QN06',N'Hợp tác tốt',N'Khá'),
('TN017','CV002','2024-05-03',N'Hoàn thành','QN04',N'Hợp tác tốt',N'Tốt'),
('TN017','CV005','2024-07-26',N'Hoàn thành','QN19',N'Được khen ngợi',N'Tốt'),
('TN017','CV008','2026-03-19',N'Hoàn thành','QN09',N'Có trách nhiệm',N'Khá'),
('TN018','CV003','2024-06-02',N'Hoàn thành','QN05',N'Làm việc chăm chỉ',N'Tốt'),
('TN018','CV007','2024-09-22',N'Hoàn thành','QN18',N'Thái độ tốt',N'Khá'),
('TN018','CV001','2025-01-08',N'Hoàn thành','QN11',N'Lao động tích cực',N'Tốt'),
('TN018','CV004','2025-04-26',N'Không hoàn thành','QN07',N'Bị nhắc nhở',N'Kém'),
('TN019','CV001','2024-04-02',N'Hoàn thành','QN11',N'Có tiến bộ',N'Khá'),
('TN019','CV004','2024-06-26',N'Không hoàn thành','QN07',N'Không theo hướng dẫn',N'Kém'),
('TN020','CV006','2024-08-28',N'Hoàn thành','QN12',N'Đúng giờ',N'Tốt'),
('TN020','CV008','2026-04-17',N'Hoàn thành','QN20',N'Hoàn thành tốt',N'Tốt'),
('TN020','CV003','2025-03-06',N'Hoàn thành','QN05',N'Làm việc chăm chỉ',N'Tốt'),
('TN021','CV002','2024-05-08',N'Hoàn thành','QN18',N'Tích cực',N'Khá'),
('TN022','CV001','2023-04-06',N'Hoàn thành','QN19',N'Làm việc nghiêm túc',N'Tốt'),
('TN022','CV007','2024-09-26',N'Hoàn thành','QN09',N'Có trách nhiệm',N'Khá'),
('TN022','CV005','2025-04-14',N'Hoàn thành','QN03',N'Đúng quy định',N'Tốt'),
('TN023','CV004','2024-06-30',N'Không hoàn thành','QN17',N'Bị nhắc nhở',N'Kém'),
('TN023','CV006','2024-09-01',N'Hoàn thành','QN12',N'Có tiến bộ',N'Khá'),
('TN024','CV002','2024-05-12',N'Hoàn thành','QN03',N'Lao động tích cực',N'Tốt'),
('TN025','CV001','2024-04-10',N'Hoàn thành','QN18',N'Thái độ tốt',N'Tốt'),
('TN025','CV008','2026-03-21',N'Không hoàn thành','QN07',N'Cần theo dõi',N'Trung bình'),
('TN025','CV003','2025-03-17',N'Hoàn thành','QN14',N'Có trách nhiệm',N'Khá'),
('TN026','CV003','2024-06-06',N'Hoàn thành','QN19',N'Hợp tác tốt',N'Khá'),
('TN026','CV004','2024-07-04',N'Hoàn thành','QN14',N'Đúng tiến độ',N'Tốt'),
('TN026','CV007','2025-02-09',N'Hoàn thành','QN20',N'Làm việc nghiêm túc',N'Tốt'),
('TN027','CV005','2024-08-03',N'Không hoàn thành','QN11',N'Gây mất trật tự',N'Kém'),
('TN027','CV007','2024-09-30',N'Hoàn thành','QN17',N'Có cải thiện',N'Khá'),
('TN027','CV001','2025-04-12',N'Hoàn thành','QN05',N'Lao động tốt',N'Tốt'),
('TN028','CV002','2024-05-16',N'Hoàn thành','QN20',N'Làm việc tốt',N'Tốt'),
('TN029','CV001','2024-04-14',N'Hoàn thành','QN18',N'Chấp hành nghiêm túc',N'Tốt'),
('TN029','CV008','2026-03-25',N'Không hoàn thành','QN12',N'Thiếu hợp tác',N'Kém'),
('TN029','CV006','2025-05-05',N'Hoàn thành','QN06',N'Có cải thiện',N'Khá'),
('TN030','CV003','2024-06-10',N'Hoàn thành','QN19',N'Hoàn thành tốt',N'Tốt'),
('TN030','CV005','2024-08-07',N'Hoàn thành','QN09',N'Có trách nhiệm',N'Khá'),
('TN030','CV002','2025-03-28',N'Hoàn thành','QN18',N'Tích cực',N'Tốt'),
('TN030','CV007','2025-05-09',N'Hoàn thành','QN03',N'Đúng quy định',N'Khá');

INSERT INTO [THAMNUOI] ([MaTuNhan], [MaThanNhan], [NgayTham], [GioVao], [GioRa], [NoiDungThamNuoi], [TrangThai], [MaQuanNgucDuyet])
VALUES
('TN001', 'TNH001', '2016-05-18', '07:30', '08:30', N'Thăm hỏi sức khỏe', NULL, 'QN01'),
('TN001', 'TNH002', '2023-12-03', '14:30', '15:15', N'Thăm định kỳ', NULL, 'QN04'),
('TN002', 'TNH003', '2024-04-28', '13:30', '14:15', N'Gửi nhu yếu phẩm', NULL, 'QN08'),
('TN002', 'TNH004', '2025-09-15', '09:00', '10:00', N'Báo tin gia đình', NULL, 'QN02'),
('TN004', 'TNH006', '2018-08-05', '15:00', '16:00', N'Thăm định kỳ', NULL, 'QN07'),
('TN004', 'TNH006', '2024-11-12', '10:30', '11:30', N'Thăm hỏi sức khỏe', NULL, 'QN12'),
('TN004', 'TNH007', '2025-03-22', '08:00', '09:00', N'Gửi đồ dùng cá nhân', NULL, 'QN06'),
('TN005', 'TNH008', '2023-06-17', '09:00', '10:00', N'Báo tin gia đình', NULL, 'QN05'),
('TN005', 'TNH009', '2024-10-20', '13:00', '14:00', N'Thăm hỏi sức khỏe', NULL, 'QN01'),
('TN005', 'TNH010', '2026-01-08', '10:00', '11:00', N'Thăm cuối năm', NULL, 'QN05'),
('TN006', 'TNH011', '2023-10-14', '13:00', '14:00', N'Báo tin gia đình', NULL, 'QN02'),
('TN007', 'TNH012', '2025-01-22', '08:45', '09:30', N'Thăm định kỳ', NULL, 'QN06'),
('TN007', 'TNH013', '2025-02-07', '13:00', '14:00', N'Thăm định kỳ', NULL, 'QN13'),
('TN008', 'TNH014', '2025-07-09', '08:00', '09:00', N'Gửi đồ dùng cá nhân', NULL, 'QN03'),
('TN008', 'TNH015', '2025-11-19', '14:00', '15:00', N'Báo tin gia đình', NULL, 'QN09'),
('TN009', 'TNH016', '2025-09-03', '10:00', '11:00', N'Thăm hỏi sức khỏe', NULL, 'QN11'),
('TN010', 'TNH017', '2024-03-11', '10:00', '11:00', N'Báo tin gia đình', NULL, 'QN11'),
('TN010', 'TNH018', '2025-08-27', '09:30', '10:30', N'Gửi đồ dùng cá nhân', NULL, 'QN08'),
('TN011', 'TNH019', '2024-09-29', '08:00', '09:00', N'Thăm định kỳ', NULL, 'QN10'),
('TN011', 'TNH020', '2026-02-16', '13:30', '14:30', N'Báo tin gia đình', NULL, 'QN12'),
('TN012', 'TNH021', '2023-08-25', '09:15', '10:00', N'Thăm định kỳ', NULL, 'QN05'),
('TN012', 'TNH022', '2025-08-10', '13:15', '14:15', N'Gửi thuốc men', NULL, 'QN02'),
('TN013', 'TNH023', '2026-06-06', '08:30', '09:30', N'Thăm định kỳ', NULL, 'QN14'),
('TN014', 'TNH024', '2026-06-17', '09:00', '10:00', N'Thăm định kỳ', NULL, 'QN09'),
('TN014', 'TNH025', '2025-12-30', '15:00', '16:00', N'Gửi nhu yếu phẩm', NULL, 'QN10'),
('TN015', 'TNH026', '2025-02-26', '14:00', '15:00', N'Gửi đồ dùng cá nhân', NULL, 'QN14'),
('TN015', 'TNH027', '2025-04-15', '08:30', '09:30', N'Báo tin gia đình', NULL, 'QN15'),
('TN016', 'TNH028', '2026-06-21', '09:00', '10:00', N'Thăm định kỳ', NULL, 'QN01'),
('TN017', 'TNH029', '2025-10-03', '15:00', '16:00', N'Gửi nhu yếu phẩm', NULL, 'QN03'),
('TN017', 'TNH030', '2026-01-12', '08:00', '09:00', N'Báo tin gia đình', NULL, 'QN04'),
('TN018', 'TNH031', '2023-01-14', '08:00', '09:00', N'Thăm cuối năm', NULL, 'QN04'),
('TN018', 'TNH031', '2025-04-08', '10:00', '11:00', N'Thăm hỏi sức khỏe', NULL, 'QN05'),
('TN021', 'TNH032', '2023-09-18', '13:00', '14:00', N'Gửi đồ dùng cá nhân', NULL, 'QN07'),
('TN021', 'TNH032', '2024-07-07', '09:00', '10:00', N'Thăm hỏi sức khỏe', NULL, 'QN11'),
('TN021', 'TNH032', '2025-05-22', '08:00', '09:00', N'Thăm định kỳ', NULL, 'QN16'),
('TN022', 'TNH033', '2025-07-14', '09:30', '10:30', N'Thăm hỏi sức khỏe', NULL, 'QN20'),
('TN023', 'TNH034', '2024-09-03', '13:00', '14:00', N'Gửi nhu yếu phẩm', NULL, 'QN18'),
('TN024', 'TNH035', '2024-11-28', '10:00', '11:00', N'Báo tin gia đình', NULL, 'QN19'),
('TN025', 'TNH036', '2025-01-09', '14:00', '15:00', N'Gửi đồ dùng cá nhân', NULL, 'QN17'),
('TN026', 'TNH037', '2025-03-17', '08:30', '09:30', N'Thăm định kỳ', NULL, 'QN09'),
('TN027', 'TNH038', '2025-05-25', '15:00', '16:00', N'Gửi thuốc men', NULL, 'QN11'),
('TN028', 'TNH039', '2025-08-11', '09:00', '10:00', N'Thăm hỏi sức khỏe', NULL, 'QN13'),
('TN029', 'TNH040', '2025-10-06', '13:30', '14:30', N'Báo tin gia đình', NULL, 'QN17'),
('TN030', 'TNH041', '2026-02-20', '08:00', '09:00', N'Thăm cuối năm', NULL, 'QN20');

INSERT INTO [LICHSUCHUYENPHONG] ([MaLichSu], [MaTuNhan], [MaPhongCu], [MaPhongMoi], [NgayChuyen], [LiDo])
VALUES
('LS001','TN004','PC101','PC102','2024-03-15',N'Chuyển để ổn định khu vực giam giữ'),
('LS002','TN005','PD102','PD101','2024-06-22',N'Chuyển về khu giam phù hợp'),
('LS003','TN009','PA101','PB101','2024-08-09',N'Điều chỉnh số lượng phạm nhân'),
('LS004','TN011','PC201','PC102','2024-10-14',N'Chuyển sang khu gần quản giáo phụ trách'),
('LS005','TN014','PD103','PC103','2025-01-05',N'Phân loại lại khu giam'),
('LS006','TN017','PB102','PA102','2025-03-18',N'Giảm tải phòng PB102'),
('LS007','TN020','PD102','PD201','2025-05-27',N'Chuyển theo yêu cầu quản giáo'),
('LS008','TN023','PC201','PD201','2025-08-11',N'Điều chỉnh theo nội quy quản lý'),
('LS009','TN026','PA201','PB102','2025-11-19',N'Chuyển theo yêu cầu quản giáo'),
('LS010','TN029','PD202','PC202','2026-02-08',N'Sắp xếp lại phòng giam');


INSERT INTO [VIPHAMKYLUAT] ([MaViPham], [MaTuNhan], [NgayViPham], [NoiDung], [HinhThucXuLy], [GhiChu])
VALUES
('VP001', 'TN002', '2024-03-15', N'Gây mất trật tự trong giờ sinh hoạt', N'Cảnh cáo', N'Vi phạm lần đầu'),
('VP002', 'TN004', '2024-05-28', N'Cãi nhau với phạm nhân khác', N'Lao động công ích', N'Theo dõi thêm'),
('VP003', 'TN004', '2025-11-10', N'Không chấp hành nội quy', N'Cảnh cáo', N'Tái phạm'),
('VP004', 'TN005', '2023-06-22', N'Tàng trữ vật dụng cấm', N'Biệt giam 3 ngày', N'Thu giữ vật dụng'),
('VP005', 'TN007', '2024-01-09', N'Tự ý rời khỏi khu vực lao động', N'Cảnh cáo', N'Nhắc nhở trước đó'),
('VP006', 'TN007', '2025-08-17', N'Gây mất trật tự', N'Biệt giam 2 ngày', N'Ảnh hưởng phạm nhân khác'),
('VP007', 'TN010', '2024-09-05', N'Đánh nhau với phạm nhân TN11', N'Lao động công ích', N'Có lập biên bản'),
('VP008', 'TN011', '2024-09-05', N'Đánh nhau với phạm nhân TN10', N'Lao động công ích', N'Vi phạm nhẹ'),
('VP009', 'TN012', '2025-03-30', N'Hút thuốc trong khu cấm', N'Cảnh cáo', N'Đã cam kết không tái phạm'),
('VP010', 'TN012', '2026-01-21', N'Mang vật dụng trái phép', N'Biệt giam 5 ngày', N'Kiểm tra đột xuất phát hiện'),
('VP011', 'TN014', '2024-07-14', N'Không chấp hành phân công', N'Lao động công ích', N'Bị nhắc nhở nhiều lần'),
('VP012', 'TN015', '2025-10-02', N'Xúc phạm quản giáo', N'Cảnh cáo', N'Thành khẩn nhận lỗi'),
('VP013', 'TN017', '2025-11-19', N'Gây ồn ào sau giờ nghỉ', N'Cảnh cáo', N'Vi phạm lần đầu'),
('VP014', 'TN018', '2026-02-08', N'Tự ý đổi chỗ giam', N'Lao động công ích', N'Đã khắc phục'),
('VP015', 'TN020', '2026-04-11', N'Cãi nhau trong khu sinh hoạt', N'Cảnh cáo', N'Không gây hậu quả nghiêm trọng'),
('VP016', 'TN021', '2024-05-23', N'Không tham gia lao động theo phân công', N'Cảnh cáo', N'Đã nhắc nhở trước đó'),
('VP017', 'TN023', '2024-08-12', N'Gây mất vệ sinh khu giam giữ', N'Lao động công ích', N'Buộc vệ sinh lại khu vực'),
('VP018', 'TN025', '2025-12-04', N'Tàng trữ điện thoại trái phép', N'Biệt giam 7 ngày', N'Thu giữ tang vật'),
('VP019', 'TN027', '2026-01-18', N'Cãi nhau với phạm nhân khác', N'Cảnh cáo', N'Không gây thương tích'),
('VP020', 'TN029', '2026-03-27', N'Hút thuốc trong phòng giam', N'Lao động công ích', N'Vi phạm lần đầu');

INSERT INTO [TAIKHOAN] ([MaTaiKhoan], [TenDangNhap], [MatKhau], [VaiTro], [MaQuanNguc], [TrangThai])
VALUES
('TK001','admin','Admin_2026','Admin',NULL,'Hoạt động'),
('TK002','qn01','Mai@1985','Quản ngục','QN01','Hoạt động'),
('TK003','qn02','Hanh#A88','Phó khu','QN02','Hoạt động'),
('TK004','qn03','Thu_B2024','Trưởng khu','QN03','Hoạt động'),
('TK005','qn04','Ngoc!1989','Phó khu','QN04','Hoạt động'),
('TK006','qn05','Hungiuem123','Quản ngục','QN05','Hoạt động'),
('TK007','qn06','DucQN06','Phó khu','QN06','Hoạt động'),
('TK008','qn07','Binh!Secure7','Trưởng khu','QN07','Hoạt động'),
('TK009','qn08','Nam_2021*','Quản ngục','QN08','Hoạt động'),
('TK010','qn09','LanLan90@','Quản ngục','QN09','Hoạt động'),
('TK011','qn10','H0ng#VB91','Quản ngục','QN10','Hoạt động'),
('TK012','qn11','Long@7711','Quản ngục','QN11','Hoạt động'),
('TK013','qn12','Khanh#8','Phó khu','QN12','Hoạt động'),
('TK014','qn13','Bich@2024!','Quản ngục','QN13','Hoạt động'),
('TK015','qn14','Thanh_LA90','Quản ngục','QN14','Hoạt động'),
('TK016','qn15','Son#GOVAP','Trưởng khu','QN15','Hoạt động'),
('TK017','qn16','Hoang@Temp16','Quản ngục','QN16','Tạm khóa'),
('TK018','qn17','Minh_Q17','Quản ngục','QN17','Hoạt động'),
('TK019','qn18','Datle@2K20','Quản ngục','QN18','Hoạt động'),
('TK020','qn19','@Ngannn1','Quản ngục','QN19','Hoạt động'),
('TK021','qn20','Ha_vo#88','Quản ngục','QN20','Hoạt động');


INSERT INTO [LICHTHAMNUOI] ([MaLich], [MaTuNhan], [MaThanNhan], [NgayHen], [TrangThai], [GhiChu])
VALUES
('LT001','TN001','TNH001','2026-05-20',N'Đã duyệt',NULL),
('LT002','TN008','TNH014','2026-05-27',N'Đã duyệt',NULL),
('LT003','TN016','TNH028','2026-06-01',N'Đã duyệt',NULL),
('LT004','TN012','TNH021','2026-06-08',N'Đã duyệt',NULL),
('LT005','TN001','TNH002','2026-06-15',N'Đã duyệt',NULL),
('LT006','TN007','TNH012','2026-06-19',N'Không duyệt',N'Cải tạo không tốt'),
('LT007','TN026','TNH037','2026-06-30',N'Đã duyệt',NULL),
('LT008','TN002','TNH003','2026-07-02',N'Đã duyệt',NULL),
('LT009','TN014','TNH024','2026-07-13',N'Chưa duyệt',NULL),
('LT010','TN005','TNH008','2026-07-25',N'Đã duyệt',NULL),
('LT011','TN011','TNH019','2026-08-16',N'Đã duyệt',NULL),
('LT012','TN004','TNH006','2026-09-12',N'Đã duyệt',NULL),
('LT013','TN007','TNH013','2026-09-13',N'Đã duyệt',NULL),
('LT014','TN015','TNH026','2026-09-20',N'Đã duyệt',NULL),
('LT015','TN025','TNH036','2026-10-02',N'Không duyệt',N'Đã có lịch trước'),
('LT016','TN012','TNH022','2026-10-07',N'Đã duyệt',NULL),
('LT017','TN017','TNH029','2026-10-14',N'Đã duyệt',NULL),
('LT018','TN017','TNH030','2026-10-25',N'Chưa duyệt',NULL),
('LT019','TN018','TNH031','2026-11-05',N'Chưa duyệt',NULL),
('LT020','TN001','TNH001','2026-11-10',N'Chưa duyệt',NULL);




